Id,Position,First Name,Nickname,Last Name,FPPG,Played,Salary,Game,Team,Opponent,Injury Indicator,Injury Details,Tier,,,Roster Position
85068-59218,W,David,David Pastrnak,Pastrnak,22.661290322580644,31,10100,WPG@BOS,BOS,WPG,,,,,,W/UTIL
85068-135875,W,Kirill,Kirill Kaprizov,Kaprizov,20.40625,32,10000,MIN@SJ,MIN,SJ,,,,,,W/UTIL
85068-8594,C,Sidney,Sidney Crosby,Crosby,18.390625,32,9700,CAR@PIT,PIT,CAR,,,,,,C/UTIL
85068-8718,W,Alex,Alex Ovechkin,Ovechkin,18.370587517233457,34,9500,WSH@OTT,WSH,OTT,,,,,,W/UTIL
85068-70125,W,Kyle,Kyle Connor,Connor,17.943750381469727,32,9400,WPG@BOS,WPG,BOS,,,,,,W/UTIL
85068-84409,C,Elias,Elias Pettersson,Pettersson,18.25517325565733,29,9300,SEA@VAN,VAN,SEA,DTD,Illness,,,,C/UTIL
85068-97147,W,Brady,Brady Tkachuk,Tkachuk,18.009374618530273,32,9300,WSH@OTT,OTT,WSH,,,,,,W/UTIL
85068-66690,W,Timo,Timo Meier,Meier,17.53529447667739,34,9100,MIN@SJ,SJ,MIN,,,,,,W/UTIL
85068-42478,C,Bo,Bo Horvat,Horvat,17.26774154170867,31,8900,SEA@VAN,VAN,SEA,,,,,,C/UTIL
85068-12253,W,Mats,Mats Zuccarello,Zuccarello,16.549999237060547,32,8900,MIN@SJ,MIN,SJ,,,,,,W/UTIL
85068-14565,C,Mika,Mika Zibanejad,Zibanejad,17.36764705882353,34,8800,NYI@NYR,NYR,NYI,,,,,,C/UTIL
85068-70901,C,Pierre-Luc,Pierre-Luc Dubois,Dubois,16.293750762939453,32,8700,WPG@BOS,WPG,BOS,,,,,,C/UTIL
85068-21897,C,Brock,Brock Nelson,Nelson,15.675757205847537,33,8600,NYI@NYR,NYI,NYR,,,,,,C/UTIL
85068-8612,G,Marc-Andre,Marc-Andre Fleury,Fleury,15.490908536044033,22,8600,MIN@SJ,MIN,SJ,,,,,,G
85068-82752,G,Filip,Filip Gustavsson,Gustavsson,15.893332926432292,15,8600,MIN@SJ,MIN,SJ,,,,,,G
85068-54809,G,Linus,Linus Ullmark,Ullmark,23.82608695652174,23,8500,WPG@BOS,BOS,WPG,,,,,,G
85068-120415,G,Jeremy,Jeremy Swayman,Swayman,10.892308161808895,13,8500,WPG@BOS,BOS,WPG,,,,,,G
85068-73885,W,Alex,Alex DeBrincat,DeBrincat,15.621874809265137,32,8200,WSH@OTT,OTT,WSH,,,,,,W/UTIL
85068-58909,G,Connor,Connor Hellebuyck,Hellebuyck,22.88,25,8200,WPG@BOS,WPG,BOS,,,,,,G
85068-139206,G,Arvid,Arvid Holm,Holm,,,8200,WPG@BOS,WPG,BOS,,,,,,G
85068-70635,G,David,David Rittich,Rittich,12.654545177112926,11,8200,WPG@BOS,WPG,BOS,,,,,,G
85068-8453,G,Jaroslav,Jaroslav Halak,Halak,7.599999745686849,12,8100,NYI@NYR,NYR,NYI,,,,,,G
85068-104015,G,Igor,Igor Shesterkin,Shesterkin,18.577778003833913,27,8100,NYI@NYR,NYR,NYI,,,,,,G
85068-70571,W,Jake,Jake Guentzel,Guentzel,15.556667073567708,30,8100,CAR@PIT,PIT,CAR,,,,,,W/UTIL
85068-73946,C,Sebastian,Sebastian Aho,Aho,15.36153822678786,26,8000,CAR@PIT,CAR,PIT,DTD,Lower body,,,,C/UTIL
85068-74064,G,Casey,Casey DeSmith,DeSmith,13.485714503696986,14,8000,CAR@PIT,PIT,CAR,,,,,,G
85068-42868,G,Tristan,Tristan Jarry,Jarry,21.147825821586277,23,8000,CAR@PIT,PIT,CAR,,,,,,G
85068-62493,W,Artemi,Artemi Panarin,Panarin,14.96470552332261,34,7900,NYI@NYR,NYR,NYI,,,,,,W/UTIL
85068-40050,G,Antti,Antti Raanta,Raanta,10.733333587646484,12,7900,CAR@PIT,CAR,PIT,,,,,,G
85068-149700,G,Pyotr,Pyotr Kochetkov,Kochetkov,21.386665852864585,15,7900,CAR@PIT,CAR,PIT,,,,,,G
85068-23072,G,Frederik,Frederik Andersen,Andersen,12.799999660915798,9,7900,CAR@PIT,CAR,PIT,IR,Lower body,,,,G
85068-82045,W,Martin,Martin Necas,Necas,15.115625381469727,32,7800,CAR@PIT,CAR,PIT,,,,,,W/UTIL
85068-8595,C,Evgeni,Evgeni Malkin,Malkin,15.125,32,7800,CAR@PIT,PIT,CAR,,,,,,C/UTIL
85068-8551,D,Erik,Erik Karlsson,Karlsson,17.776471306295957,34,7700,MIN@SJ,SJ,MIN,,,,,,D/UTIL
85068-8732,G,Semyon,Semyon Varlamov,Varlamov,17.333333333333332,15,7700,NYI@NYR,NYI,NYR,O,Lower body,,,,G
85068-8763,W,Brad,Brad Marchand,Marchand,14.875,24,7700,WPG@BOS,BOS,WPG,,,,,,W/UTIL
85068-142017,C,Tim,Tim Stuetzle,Stuetzle,14.232142857142858,28,7700,WSH@OTT,OTT,WSH,IR,Shoulder,,,,C/UTIL
85068-97232,G,Ilya,Ilya Sorokin,Sorokin,17.824000244140624,25,7700,NYI@NYR,NYI,NYR,,,,,,G
85068-9278,G,Martin,Martin Jones,Jones,14.509091463955967,22,7600,SEA@VAN,SEA,VAN,,,,,,G
85068-82190,W,Drake,Drake Batherson,Batherson,14.725000381469727,32,7600,WSH@OTT,OTT,WSH,,,,,,W/UTIL
85068-12697,G,Philipp,Philipp Grubauer,Grubauer,8.266666412353516,12,7600,SEA@VAN,SEA,VAN,,,,,,G
85068-15321,C,Mark,Mark Scheifele,Scheifele,14.300000190734863,32,7600,WPG@BOS,WPG,BOS,,,,,,C/UTIL
85068-68647,G,Charlie,Charlie Lindgren,Lindgren,15.244444105360243,18,7500,WSH@OTT,WSH,OTT,,,,,,G
85068-14466,G,Darcy,Darcy Kuemper,Kuemper,15.345454822887074,22,7500,WSH@OTT,WSH,OTT,,,,,,G
85068-73949,C,Joel,Joel Eriksson Ek,Eriksson Ek,14.09375,32,7500,MIN@SJ,MIN,SJ,,,,,,C/UTIL
85068-160183,G,Hunter,Hunter Shepard,Shepard,,,7500,WSH@OTT,WSH,OTT,,,,,,G
85068-59208,W,Kevin,Kevin Fiala,Fiala,14.45142822265625,35,7400,CGY@LA,LA,CGY,,,,,,W/UTIL
85068-66610,G,Dan,Dan Vladar,Vladar,14.133333841959635,12,7300,CGY@LA,CGY,LA,,,,,,G
85068-85470,W,Andrei,Andrei Svechnikov,Svechnikov,14.565625190734863,32,7300,CAR@PIT,CAR,PIT,,,,,,W/UTIL
85068-42981,D,Josh,Josh Morrissey,Morrissey,15.118749618530273,32,7300,WPG@BOS,WPG,BOS,,,,,,D/UTIL
85068-8175,C,Patrice,Patrice Bergeron,Bergeron,14.974193942162298,31,7300,WPG@BOS,BOS,WPG,,,,,,C/UTIL
85068-12283,G,Jacob,Jacob Markstrom,Markstrom,12.300000508626303,24,7300,CGY@LA,CGY,LA,,,,,,G
85068-82035,G,Cal,Cal Petersen,Petersen,8.533333460489908,12,7200,CGY@LA,LA,CGY,,,,,,G
85068-8412,G,Jonathan,Jonathan Quick,Quick,10.608695652173912,23,7200,CGY@LA,LA,CGY,,,,,,G
85068-8556,W,Claude,Claude Giroux,Giroux,13.834375381469727,32,7200,WSH@OTT,OTT,WSH,,,,,,W/UTIL
85068-8741,C,Nazem,Nazem Kadri,Kadri,14.072727087772254,33,7200,CGY@LA,CGY,LA,,,,,,C/UTIL
85068-9015,D,John,John Carlson,Carlson,15.731034903690732,29,7200,WSH@OTT,WSH,OTT,,,,,,D/UTIL
85068-15360,C,J.T.,J.T. Miller,Miller,13.309677616242439,31,7100,SEA@VAN,VAN,SEA,,,,,,C/UTIL
85068-12410,W,Taylor,Taylor Hall,Hall,14.093548190209173,31,7100,WPG@BOS,BOS,WPG,,,,,,W/UTIL
85068-103940,D,Adam,Adam Fox,Fox,14.470588235294118,34,7100,NYI@NYR,NYR,NYI,,,,,,D/UTIL
85068-11301,G,Cam,Cam Talbot,Talbot,15.511111789279514,18,7000,WSH@OTT,OTT,WSH,,,,,,G
85068-40023,G,Anton,Anton Forsberg,Forsberg,13.288888719346788,18,7000,WSH@OTT,OTT,WSH,,,,,,G
85068-40036,C,Tomas,Tomas Hertl,Hertl,14.366666851621686,33,7000,MIN@SJ,SJ,MIN,O,Suspension,,,,C/UTIL
85068-70912,D,Charlie,Charlie McAvoy,McAvoy,14.32222154405382,18,7000,WPG@BOS,BOS,WPG,,,,,,D/UTIL
85068-21927,W,Chris,Chris Kreider,Kreider,13.744117288028493,34,7000,NYI@NYR,NYR,NYI,,,,,,W/UTIL
85068-41390,C,Elias,Elias Lindholm,Lindholm,14.078125,32,7000,CGY@LA,CGY,LA,,,,,,C/UTIL
85068-66601,W,Jake,Jake DeBrusk,DeBrusk,13.309999593098958,30,6900,WPG@BOS,BOS,WPG,,,,,,W/UTIL
85068-84324,G,Kaapo,Kaapo Kahkonen,Kahkonen,7.573333231608073,15,6900,MIN@SJ,SJ,MIN,,,,,,G
85068-9052,G,James,James Reimer,Reimer,14.147367778577303,19,6900,MIN@SJ,SJ,MIN,,,,,,G
85068-15283,C,Vincent,Vincent Trocheck,Trocheck,13.188235114602481,34,6900,NYI@NYR,NYR,NYI,,,,,,C/UTIL
85068-97214,D,Noah,Noah Dobson,Dobson,13.518182003136838,33,6900,NYI@NYR,NYI,NYR,,,,,,D/UTIL
85068-82001,G,Collin,Collin Delia,Delia,16,1,6800,SEA@VAN,VAN,SEA,,,,,,G
85068-8394,C,Anze,Anze Kopitar,Kopitar,13.128571428571428,35,6800,CGY@LA,LA,CGY,,,,,,C/UTIL
85068-70251,G,Thatcher,Thatcher Demko,Demko,9.399999618530273,16,6800,SEA@VAN,VAN,SEA,IR,Lower body,,,,G
85068-42643,G,Spencer,Spencer Martin,Martin,11.719999694824219,20,6800,SEA@VAN,VAN,SEA,,,,,,G
85068-9269,C,Logan,Logan Couture,Couture,13.429411944221048,34,6700,MIN@SJ,SJ,MIN,,,,,,C/UTIL
85068-171491,W,Andrei,Andrei Kuzmenko,Kuzmenko,12.336666870117188,30,6700,SEA@VAN,VAN,SEA,,,,,,W/UTIL
85068-101277,D,Quinn,Quinn Hughes,Hughes,12.881481029369214,27,6700,SEA@VAN,VAN,SEA,,,,,,D/UTIL
85068-66759,D,Thomas,Thomas Chabot,Chabot,12.83703726309317,27,6600,WSH@OTT,OTT,WSH,,,,,,D/UTIL
85068-12624,W,Tyler,Tyler Toffoli,Toffoli,13.203030672940342,33,6600,CGY@LA,CGY,LA,,,,,,W/UTIL
85068-15366,G,Christopher,Christopher Gibson,Gibson,0,1,6500,SEA@VAN,SEA,VAN,,,,,,G
85068-43033,G,Antoine,Antoine Bibeau,Bibeau,,,6500,WSH@OTT,OTT,WSH,,,,,,G
85068-66586,G,C.J.,C.J. Motte,Motte,,,6500,MIN@SJ,MIN,SJ,,,,,,G
85068-180258,G,Jakub,Jakub Vondras,Vondras,,,6500,CAR@PIT,CAR,PIT,,,,,,G
85068-66599,G,Zane,Zane McIntyre,McIntyre,,,6500,MIN@SJ,MIN,SJ,,,,,,G
85068-180271,G,Brad,Brad Arvanitis,Arvanitis,,,6500,CGY@LA,CGY,LA,,,,,,G
85068-161836,G,Tommy,Tommy Nappier,Nappier,,,6500,CAR@PIT,PIT,CAR,,,,,,G
85068-180268,G,Daniil,Daniil Chechelev,Chechelev,,,6500,CGY@LA,CGY,LA,,,,,,G
85068-180285,G,Logan,Logan Flodell,Flodell,,,6500,WSH@OTT,OTT,WSH,,,,,,G
85068-170059,G,Oskari,Oskari Salminen,Salminen,,,6500,WPG@BOS,WPG,BOS,,,,,,G
85068-180303,G,Thomas,Thomas Milic,Milic,,,6500,MIN@SJ,MIN,SJ,,,,,,G
85068-161891,G,Dylan,Dylan Garand,Garand,,,6500,NYI@NYR,NYR,NYI,,,,,,G
85068-161892,G,Talyn,Talyn Boyko,Boyko,,,6500,NYI@NYR,NYR,NYI,,,,,,G
85068-82036,G,Matt,Matt Villalta,Villalta,,,6500,CGY@LA,LA,CGY,,,,,,G
85068-161908,G,Garin,Garin Bjorklund,Bjorklund,,,6500,WSH@OTT,WSH,OTT,,,,,,G
85068-166031,G,Taylor,Taylor Gauthier,Gauthier,,,6500,CAR@PIT,PIT,CAR,,,,,,G
85068-14483,G,Louis,Louis Domingue,Domingue,19.200000762939453,8,6500,NYI@NYR,NYR,NYI,,,,,,G
85068-9366,G,Dustin,Dustin Tokarski,Tokarski,13.706667073567708,30,6500,CAR@PIT,PIT,CAR,,,,,,G
85068-180384,G,Henrik,Henrik Tikkanen,Tikkanen,,,6500,NYI@NYR,NYI,NYR,,,,,,G
85068-180393,G,Mason,Mason Beaupit,Beaupit,,,6500,MIN@SJ,SJ,MIN,,,,,,G
85068-82098,G,Michael,Michael DiPietro,DiPietro,-0.800000011920929,1,6500,WPG@BOS,BOS,WPG,,,,,,G
85068-168113,G,Clay,Clay Stevenson,Stevenson,,,6500,WSH@OTT,WSH,OTT,,,,,,G
85068-66743,G,Kenneth,Kenneth Appleby,Appleby,,,6500,NYI@NYR,NYI,NYR,,,,,,G
85068-168116,G,David,David Hrenak,Hrenak,,,6500,CGY@LA,LA,CGY,,,,,,G
85068-73910,G,Zach,Zach Sawchenko,Sawchenko,8.685714176722936,7,6500,CAR@PIT,CAR,PIT,,,,,,G
85068-180410,G,Ty,Ty Young,Young,,,6500,SEA@VAN,VAN,SEA,,,,,,G
85068-149699,G,Eetu,Eetu Makiniemi,Makiniemi,11.600000381469727,2,6500,MIN@SJ,SJ,MIN,,,,,,G
85068-180423,G,Domenic,Domenic DiVincentiis,DiVincentiis,,,6500,WPG@BOS,WPG,BOS,,,,,,G
85068-116948,G,Arturs,Arturs Silovs,Silovs,,,6500,SEA@VAN,VAN,SEA,,,,,,G
85068-8426,D,Brent,Brent Burns,Burns,12.971875190734863,32,6500,CAR@PIT,CAR,PIT,,,,,,D/UTIL
85068-66796,G,Callum,Callum Booth,Booth,,,6500,SEA@VAN,SEA,VAN,,,,,,G
85068-52475,C,Evgeny,Evgeny Kuznetsov,Kuznetsov,11.481817996863162,33,6500,WSH@OTT,WSH,OTT,,,,,,C/UTIL
85068-170240,G,Olof,Olof Lindbom,Lindbom,,,6500,NYI@NYR,NYR,NYI,,,,,,G
85068-82178,G,Kyle,Kyle Keyser,Keyser,,,6500,WPG@BOS,BOS,WPG,,,,,,G
85068-117021,G,Hunter,Hunter Jones,Jones,,,6500,MIN@SJ,MIN,SJ,,,,,,G
85068-82204,G,Parker,Parker Gahagen,Gahagen,,,6500,NYI@NYR,NYR,NYI,,,,,,G
85068-170275,G,Jesper,Jesper Wallstedt,Wallstedt,,,6500,MIN@SJ,MIN,SJ,,,,,,G
85068-117055,G,Dustin,Dustin Wolf,Wolf,,,6500,CGY@LA,CGY,LA,,,,,,G
85068-74053,G,Mikhail,Mikhail Berdin,Berdin,,,6500,WPG@BOS,WPG,BOS,,,,,,G
85068-117110,G,Mads,Mads Sogaard,Sogaard,13.199999809265137,2,6500,WSH@OTT,OTT,WSH,,,,,,G
85068-168320,G,Brandon,Brandon Bussi,Bussi,,,6500,WPG@BOS,BOS,WPG,,,,,,G
85068-162243,G,Patrik,Patrik Hamrla,Hamrla,,,6500,CAR@PIT,CAR,PIT,,,,,,G
85068-162288,G,Tristan,Tristan Lennox,Lennox,,,6500,NYI@NYR,NYI,NYR,,,,,,G
85068-162300,G,Benjamin,Benjamin Gaudreau,Gaudreau,,,6500,MIN@SJ,SJ,MIN,,,,,,G
85068-58904,G,Aaron,Aaron Dell,Dell,10.399999618530273,2,6500,MIN@SJ,SJ,MIN,,,,,,G
85068-154165,G,Leevi,Leevi Merilainen,Merilainen,,,6500,WSH@OTT,OTT,WSH,,,,,,G
85068-169533,G,Strauss,Strauss Mann,Mann,,,6500,MIN@SJ,SJ,MIN,,,,,,G
85068-8781,G,Cory,Cory Schneider,Schneider,21.600000381469727,1,6500,NYI@NYR,NYI,NYR,,,,,,G
85068-148097,W,Matt,Matt Boldy,Boldy,13.118749618530273,32,6500,MIN@SJ,MIN,SJ,,,,,,W/UTIL
85068-54028,G,Pheonix,Pheonix Copley,Copley,20.8000005086263,6,6500,CGY@LA,LA,CGY,,,,,,G
85068-42782,G,Oscar,Oscar Dansk,Dansk,,,6500,CGY@LA,CGY,LA,,,,,,G
85068-42800,G,Zach,Zach Fucale,Fucale,12.199999809265137,4,6500,WSH@OTT,WSH,OTT,,,,,,G
85068-103263,G,Joey,Joey Daccord,Daccord,6.199999809265137,4,6500,SEA@VAN,SEA,VAN,,,,,,G
85068-42852,G,Francois,Francois Brassard,Brassard,,,6500,WPG@BOS,BOS,WPG,,,,,,G
85068-42853,G,Chris,Chris Driedger,Driedger,12.71111156322338,27,6500,SEA@VAN,SEA,VAN,IR,Knee,,,,G
85068-14183,G,Keith,Keith Kinkaid,Kinkaid,32,1,6500,WPG@BOS,BOS,WPG,,,,,,G
85068-97135,G,Kevin,Kevin Mandolese,Mandolese,0,1,6500,WSH@OTT,OTT,WSH,,,,,,G
85068-97161,G,Jacob,Jacob Ingham,Ingham,,,6500,CGY@LA,LA,CGY,IR,Back,,,,G
85068-157597,G,Filip,Filip Lindberg,Lindberg,,,6500,CAR@PIT,PIT,CAR,,,,,,G
85068-15269,W,Rickard,Rickard Rakell,Rakell,13.234375,32,6500,CAR@PIT,PIT,CAR,,,,,,W/UTIL
85068-97204,G,Zachary,Zachary Emond,Emond,,,6500,MIN@SJ,SJ,MIN,,,,,,G
85068-97231,G,Jakub,Jakub Skarek,Skarek,,,6500,NYI@NYR,NYI,NYR,,,,,,G
85068-66685,C,Mathew,Mathew Barzal,Barzal,12.769696784741951,33,6400,NYI@NYR,NYI,NYR,,,,,,C/UTIL
85068-42833,W,Andre,Andre Burakovsky,Burakovsky,12.961289928805444,31,6400,SEA@VAN,SEA,VAN,,,,,,W/UTIL
85068-62429,W,Adrian,Adrian Kempe,Kempe,11.454285539899553,35,6400,CGY@LA,LA,CGY,,,,,,W/UTIL
85068-66688,D,Rasmus,Rasmus Andersson,Andersson,11.772727272727273,33,6300,CGY@LA,CGY,LA,,,,,,D/UTIL
85068-39238,W,Anders,Anders Lee,Lee,12.727272727272727,33,6300,NYI@NYR,NYI,NYR,,,,,,W/UTIL
85068-66709,W,Jared,Jared McCann,McCann,11.889285496303014,28,6200,SEA@VAN,SEA,VAN,,,,,,W/UTIL
85068-169115,C,Matty,Matty Beniers,Beniers,11.925806845388104,31,6200,SEA@VAN,SEA,VAN,,,,,,C/UTIL
85068-39464,D,Hampus,Hampus Lindholm,Lindholm,11.741935483870968,31,6200,WPG@BOS,BOS,WPG,,,,,,D/UTIL
85068-8182,W,Blake,Blake Wheeler,Wheeler,12.948275862068966,29,6200,WPG@BOS,WPG,BOS,IR,Groin,,,,W/UTIL
85068-39245,D,Jacob,Jacob Trouba,Trouba,11.364705702837776,34,6100,NYI@NYR,NYR,NYI,,,,,,D/UTIL
85068-59207,W,Viktor,Viktor Arvidsson,Arvidsson,11.851612706338205,31,6100,CGY@LA,LA,CGY,,,,,,W/UTIL
85068-8176,C,David,David Krejci,Krejci,11.977777551721644,27,6100,WPG@BOS,BOS,WPG,,,,,,C/UTIL
85068-54477,W,Bryan,Bryan Rust,Rust,11.240625381469727,32,6000,CAR@PIT,PIT,CAR,,,,,,W/UTIL
85068-8441,W,Max,Max Pacioretty,Pacioretty,16.625641651642628,39,6000,CAR@PIT,CAR,PIT,IR,Achilles,,,,W/UTIL
85068-12812,D,Jared,Jared Spurgeon,Spurgeon,10.018750190734863,32,6000,MIN@SJ,MIN,SJ,,,,,,D/UTIL
85068-9025,W,Jordan,Jordan Eberle,Eberle,11.55483910345262,31,6000,SEA@VAN,SEA,VAN,,,,,,W/UTIL
85068-21686,W,Jason,Jason Zucker,Zucker,10.9172415897764,29,5900,CAR@PIT,PIT,CAR,,,,,,W/UTIL
85068-8406,D,Drew,Drew Doughty,Doughty,10.358823888442096,34,5900,CGY@LA,LA,CGY,,,,,,D/UTIL
85068-8478,W,Zach,Zach Parise,Parise,10.606060606060606,33,5900,NYI@NYR,NYI,NYR,,,,,,W/UTIL
85068-8608,D,Kris,Kris Letang,Letang,10.477777551721644,27,5900,CAR@PIT,PIT,CAR,,,,,,D/UTIL
85068-135668,W,Alexander,Alexander Barabanov,Barabanov,10.52758578596444,29,5900,MIN@SJ,SJ,MIN,,,,,,W/UTIL
85068-15277,C,Phillip,Phillip Danault,Danault,10.868571254185268,35,5900,CGY@LA,LA,CGY,,,,,,C/UTIL
85068-13472,D,Dmitry,Dmitry Orlov,Orlov,10.605555216471354,18,5800,WSH@OTT,WSH,OTT,,,,,,D/UTIL
85068-74112,W,Trevor,Trevor Moore,Moore,11,35,5800,CGY@LA,LA,CGY,,,,,,W/UTIL
85068-58907,W,Nikolaj,Nikolaj Ehlers,Ehlers,18.649999618530273,2,5800,WPG@BOS,WPG,BOS,IR,Abdomen,,,,W/UTIL
85068-64101,D,Noah,Noah Hanifin,Hanifin,10.884374618530273,32,5800,CGY@LA,CGY,LA,,,,,,D/UTIL
85068-9189,C,Mikael,Mikael Backlund,Backlund,10.187879157788826,33,5800,CGY@LA,CGY,LA,,,,,,C/UTIL
85068-82114,C,Adam,Adam Ruzicka,Ruzicka,9.770833333333334,24,5700,CGY@LA,CGY,LA,,,,,,C/UTIL
85068-15217,W,Jonathan,Jonathan Huberdeau,Huberdeau,10.059999593098958,30,5700,CGY@LA,CGY,LA,,,,,,W/UTIL
85068-97173,D,Sean,Sean Durzi,Durzi,10.590624809265137,32,5700,CGY@LA,LA,CGY,,,,,,D/UTIL
85068-82024,W,Gabriel,Gabriel Vilardi,Vilardi,10.21470552332261,34,5600,CGY@LA,LA,CGY,,,,,,W/UTIL
85068-66675,W,Daniel,Daniel Sprong,Sprong,10.187999877929688,25,5600,SEA@VAN,SEA,VAN,,,,,,W/UTIL
85068-65969,C,Dylan,Dylan Strome,Strome,10.138235653147978,34,5600,WSH@OTT,WSH,OTT,,,,,,C/UTIL
85068-62294,D,Brady,Brady Skjei,Skjei,9.128125190734863,32,5600,CAR@PIT,CAR,PIT,,,,,,D/UTIL
85068-117093,W,Arthur,Arthur Kaliyev,Kaliyev,9.755882711971507,34,5500,CGY@LA,LA,CGY,,,,,,W/UTIL
85068-79857,W,Brock,Brock Boeser,Boeser,10.170833587646484,24,5500,SEA@VAN,VAN,SEA,,,,,,W/UTIL
85068-79865,D,Matt,Matt Roy,Roy,9.2,35,5500,CGY@LA,LA,CGY,,,,,,D/UTIL
85068-79935,W,Alex,Alex Iafallo,Iafallo,9.97499974568685,12,5400,CGY@LA,LA,CGY,,,,,,W/UTIL
85068-23228,D,Justin,Justin Schultz,Schultz,9.52758578596444,29,5400,SEA@VAN,SEA,VAN,,,,,,D/UTIL
85068-148186,C,Shane,Shane Pinto,Pinto,8.928125381469727,32,5400,WSH@OTT,OTT,WSH,,,,,,C/UTIL
85068-66515,D,Vince,Vince Dunn,Dunn,9.506452006678428,31,5400,SEA@VAN,SEA,VAN,,,,,,D/UTIL
85068-80005,D,Neal,Neal Pionk,Pionk,9.590624809265137,32,5300,WPG@BOS,WPG,BOS,,,,,,D/UTIL
85068-74086,W,Dillon,Dillon Dube,Dube,8.596970066879734,33,5300,CGY@LA,CGY,LA,,,,,,W/UTIL
85068-104140,W,Ilya,Ilya Mikheyev,Mikheyev,10.035714285714286,28,5300,SEA@VAN,VAN,SEA,,,,,,W/UTIL
85068-42773,W,Oliver,Oliver Bjorkstrand,Bjorkstrand,9.312903619581654,31,5300,SEA@VAN,SEA,VAN,,,,,,W/UTIL
85068-11201,D,Jeff,Jeff Petry,Petry,9.528570992606026,28,5300,CAR@PIT,PIT,CAR,IR,Upper body,,,,D/UTIL
85068-66622,W,Conor,Conor Garland,Garland,8.11000010172526,30,5200,SEA@VAN,VAN,SEA,,,,,,W/UTIL
85068-43134,W,Anthony,Anthony Mantha,Mantha,9.017647238338695,34,5200,WSH@OTT,WSH,OTT,,,,,,W/UTIL
85068-14564,D,Adam,Adam Larsson,Larsson,9.174193351499495,31,5200,SEA@VAN,SEA,VAN,,,,,,D/UTIL
85068-21122,W,Jaden,Jaden Schwartz,Schwartz,9.096666463216145,30,5200,SEA@VAN,SEA,VAN,,,,,,W/UTIL
85068-23226,W,Tom,Tom Wilson,Wilson,10.991139085986946,79,5200,WSH@OTT,WSH,OTT,O,Knee,,,,W/UTIL
85068-59209,W,Frederick,Frederick Gaudreau,Gaudreau,8.840624809265137,32,5200,MIN@SJ,MIN,SJ,,,,,,W/UTIL
85068-15286,W,Stefan,Stefan Noesen,Noesen,8.851612706338205,31,5200,CAR@PIT,CAR,PIT,,,,,,W/UTIL
85068-15346,C,Adam,Adam Lowry,Lowry,9.265625,32,5200,WPG@BOS,WPG,BOS,,,,,,C/UTIL
85068-43178,W,Teuvo,Teuvo Teravainen,Teravainen,8.522727272727273,22,5100,CAR@PIT,CAR,PIT,,,,,,W/UTIL
85068-53606,C,Yanni,Yanni Gourde,Gourde,9.4,30,5100,SEA@VAN,SEA,VAN,,,,,,C/UTIL
85068-58891,W,Kevin,Kevin Labanc,Labanc,8.878787878787879,33,5100,MIN@SJ,SJ,MIN,,,,,,W/UTIL
85068-16969,C,Charlie,Charlie Coyle,Coyle,9.290322580645162,31,5100,WPG@BOS,BOS,WPG,,,,,,C/UTIL
85068-146131,W,Seth,Seth Jarvis,Jarvis,8.78125,32,5100,CAR@PIT,CAR,PIT,,,,,,W/UTIL
85068-145130,W,Cole,Cole Perfetti,Perfetti,9.346875190734863,32,5100,WPG@BOS,WPG,BOS,,,,,,W/UTIL
85068-68646,W,Brandon,Brandon Tanev,Tanev,8.64516129032258,31,5000,SEA@VAN,SEA,VAN,,,,,,W/UTIL
85068-39252,W,Brock,Brock McGinn,McGinn,8.037500381469727,32,5000,CAR@PIT,PIT,CAR,,,,,,W/UTIL
85068-8635,W,T.J.,T.J. Oshie,Oshie,8.978260869565217,23,5000,WSH@OTT,WSH,OTT,O,Upper body,,,,W/UTIL
85068-58877,W,Conor,Conor Sheary,Sheary,9.794117647058824,34,5000,WSH@OTT,WSH,OTT,,,,,,W/UTIL
85068-142019,D,Jake,Jake Sanderson,Sanderson,8.568750381469727,32,5000,WSH@OTT,OTT,WSH,,,,,,D/UTIL
85068-15287,C,Jean-Gabriel,Jean-Gabriel Pageau,Pageau,9.38787841796875,33,5000,NYI@NYR,NYI,NYR,,,,,,C/UTIL
85068-43008,W,Jordan,Jordan Martinook,Martinook,8.274999618530273,32,4900,CAR@PIT,CAR,PIT,,,,,,W/UTIL
85068-68655,D,Matt,Matt Grzelcyk,Grzelcyk,6.962962962962963,27,4900,WPG@BOS,BOS,WPG,,,,,,D/UTIL
85068-82087,C,Filip,Filip Chytil,Chytil,9.190000406901042,30,4900,NYI@NYR,NYR,NYI,,,,,,C/UTIL
85068-70928,C,Sam,Sam Steel,Steel,6.565625190734863,32,4900,MIN@SJ,MIN,SJ,,,,,,C/UTIL
85068-58686,W,Kasperi,Kasperi Kapanen,Kapanen,8.16956495202106,23,4900,CAR@PIT,PIT,CAR,,,,,,W/UTIL
85068-62923,D,Marcus,Marcus Pettersson,Pettersson,7.650000095367432,32,4900,CAR@PIT,PIT,CAR,,,,,,D/UTIL
85068-62492,D,Erik,Erik Gustafsson,Gustafsson,8.496969512014678,33,4800,WSH@OTT,WSH,OTT,,,,,,D/UTIL
85068-43176,C,Ryan,Ryan Hartman,Hartman,9.09999974568685,12,4800,MIN@SJ,MIN,SJ,,,,,,C/UTIL
85068-66756,W,Andrew,Andrew Mangiapane,Mangiapane,8.063636548591383,33,4800,CGY@LA,CGY,LA,,,,,,W/UTIL
85068-8966,W,Trevor,Trevor Lewis,Lewis,7.357575850053267,33,4800,CGY@LA,CGY,LA,,,,,,W/UTIL
85068-103262,C,Nico,Nico Sturm,Sturm,8.276922959547777,26,4800,MIN@SJ,SJ,MIN,,,,,,C/UTIL
85068-111471,W,Kaapo,Kaapo Kakko,Kakko,7.826470767750459,34,4800,NYI@NYR,NYR,NYI,,,,,,W/UTIL
85068-66686,W,Anthony,Anthony Beauvillier,Beauvillier,8.051613100113407,31,4700,NYI@NYR,NYI,NYR,,,,,,W/UTIL
85068-8356,W,Sam,Sam Gagner,Gagner,7.55517262425916,29,4700,WPG@BOS,WPG,BOS,,,,,,W/UTIL
85068-82177,D,Connor,Connor Clifton,Clifton,7.612903225806452,31,4700,WPG@BOS,BOS,WPG,,,,,,D/UTIL
85068-8555,C,Jeff,Jeff Carter,Carter,8.454838906565021,31,4700,CAR@PIT,PIT,CAR,,,,,,C/UTIL
85068-97224,W,Oliver,Oliver Wahlstrom,Wahlstrom,8.890625,32,4700,NYI@NYR,NYI,NYR,,,,,,W/UTIL
85068-12244,D,Oliver,Oliver Ekman-Larsson,Ekman-Larsson,7.8290321596207155,31,4700,SEA@VAN,VAN,SEA,,,,,,D/UTIL
85068-119830,D,K'Andre,K'Andre Miller,Miller,8.258823170381433,34,4600,NYI@NYR,NYR,NYI,,,,,,D/UTIL
85068-68667,W,Tyler,Tyler Motte,Motte,7.470967938823085,31,4600,WSH@OTT,OTT,WSH,,,,,,W/UTIL
85068-66680,D,Jaccob,Jaccob Slavin,Slavin,7.887499809265137,32,4600,CAR@PIT,CAR,PIT,,,,,,D/UTIL
85068-70913,W,Luke,Luke Kunin,Kunin,8.451612903225806,31,4600,MIN@SJ,SJ,MIN,IR,Knee,,,,W/UTIL
85068-65970,C,Pavel,Pavel Zacha,Zacha,8.448386899886593,31,4600,WPG@BOS,BOS,WPG,,,,,,C/UTIL
85068-39710,D,Nick,Nick Jensen,Jensen,8.364705702837776,34,4600,WSH@OTT,WSH,OTT,,,,,,D/UTIL
85068-43042,D,MacKenzie,MacKenzie Weegar,Weegar,7.150000095367432,32,4500,CGY@LA,CGY,LA,,,,,,D/UTIL
85068-137278,C,Morgan,Morgan Barron,Barron,7.986363497647372,22,4500,WPG@BOS,WPG,BOS,,,,,,C/UTIL
85068-39234,W,Matt,Matt Nieto,Nieto,7.270000203450521,30,4500,MIN@SJ,SJ,MIN,,,,,,W/UTIL
85068-12644,W,Kyle,Kyle Palmieri,Palmieri,8.047619047619047,21,4500,NYI@NYR,NYI,NYR,DTD,Upper body,,,,W/UTIL
85068-142015,W,Alexis,Alexis Lafreniere,Lafreniere,7.755882711971507,34,4500,NYI@NYR,NYR,NYI,,,,,,W/UTIL
85068-8956,D,Michael,Michael Stone,Stone,7.521739130434782,23,4500,CGY@LA,CGY,LA,,,,,,D/UTIL
85068-82812,W,Ryan,Ryan Donato,Donato,6.617857251848493,28,4500,SEA@VAN,SEA,VAN,,,,,,W/UTIL
85068-97184,C,Josh,Josh Norris,Norris,7.519999694824219,5,4500,WSH@OTT,OTT,WSH,IR,Shoulder,,,,C/UTIL
85068-66600,W,Blake,Blake Coleman,Coleman,7.636363636363637,33,4400,CGY@LA,CGY,LA,,,,,,W/UTIL
85068-73826,W,Jimmy,Jimmy Vesey,Vesey,7.164706061868107,34,4400,NYI@NYR,NYR,NYI,,,,,,W/UTIL
85068-82041,C,Morgan,Morgan Geekie,Geekie,7.04,25,4400,SEA@VAN,SEA,VAN,,,,,,C/UTIL
85068-82167,C,Sheldon,Sheldon Dries,Dries,7.211111280653212,18,4400,SEA@VAN,VAN,SEA,,,,,,C/UTIL
85068-8596,C,Jordan,Jordan Staal,Staal,7.525000095367432,32,4400,CAR@PIT,CAR,PIT,,,,,,C/UTIL
85068-8688,D,Luke,Luke Schenn,Schenn,7.1225807436050905,31,4400,SEA@VAN,VAN,SEA,,,,,,D/UTIL
85068-53866,D,Adam,Adam Pelech,Pelech,8.281481707537615,27,4400,NYI@NYR,NYI,NYR,IR,Upper body,,,,D/UTIL
85068-113287,W,Dakota,Dakota Joshua,Joshua,5.103571210588727,28,4400,SEA@VAN,VAN,SEA,,,,,,W/UTIL
85068-12291,D,Chris,Chris Tanev,Tanev,6.847999877929688,25,4300,CGY@LA,CGY,LA,,,,,,D/UTIL
85068-43200,D,Ryan,Ryan Pulock,Pulock,7.730303215258049,33,4300,NYI@NYR,NYI,NYR,,,,,,D/UTIL
85068-82122,C,Mason,Mason Shaw,Shaw,7.1999997739438655,27,4300,MIN@SJ,MIN,SJ,,,,,,C/UTIL
85068-54743,C,Alex,Alex Wennberg,Wennberg,7.693548387096774,31,4300,SEA@VAN,SEA,VAN,,,,,,C/UTIL
85068-135663,D,Alexander,Alexander Romanov,Romanov,7.321212306167141,33,4300,NYI@NYR,NYI,NYR,,,,,,D/UTIL
85068-23053,W,Jesper,Jesper Fast,Fast,5.186666870117188,30,4300,CAR@PIT,CAR,PIT,,,,,,W/UTIL
85068-97056,W,Connor,Connor Dewar,Dewar,6.529032061176915,31,4300,MIN@SJ,MIN,SJ,,,,,,W/UTIL
85068-11122,W,Nick,Nick Bonino,Bonino,6.545454545454546,33,4300,MIN@SJ,SJ,MIN,,,,,,W/UTIL
85068-15374,D,Scott,Scott Harrington,Harrington,6.763636502352628,11,4200,MIN@SJ,SJ,MIN,,,,,,D/UTIL
85068-8211,D,Tyler,Tyler Myers,Myers,6,28,4200,SEA@VAN,VAN,SEA,,,,,,D/UTIL
85068-43140,C,Barclay,Barclay Goodrow,Goodrow,7.391176560345818,34,4200,NYI@NYR,NYR,NYI,,,,,,C/UTIL
85068-39261,D,Scott,Scott Mayfield,Mayfield,7.854545824455492,33,4200,NYI@NYR,NYI,NYR,,,,,,D/UTIL
85068-70128,W,Danton,Danton Heinen,Heinen,6.288889001916956,27,4200,CAR@PIT,PIT,CAR,,,,,,W/UTIL
85068-58977,W,Sonny,Sonny Milano,Milano,8.514285859607515,21,4200,WSH@OTT,WSH,OTT,,,,,,W/UTIL
85068-23225,D,Matt,Matt Dumba,Dumba,7.224999904632568,32,4200,MIN@SJ,MIN,SJ,,,,,,D/UTIL
85068-97055,D,Calen,Calen Addison,Addison,7.470967938823085,31,4200,MIN@SJ,MIN,SJ,,,,,,D/UTIL
85068-9036,D,Travis,Travis Hamonic,Hamonic,6.925000190734863,32,4200,WSH@OTT,OTT,WSH,,,,,,D/UTIL
85068-23438,D,Jonas,Jonas Brodin,Brodin,6.538461538461538,26,4200,MIN@SJ,MIN,SJ,,,,,,D/UTIL
85068-12220,W,Marcus,Marcus Johansson,Johansson,7.588235294117647,34,4200,WSH@OTT,WSH,OTT,,,,,,W/UTIL
85068-66606,D,Brandon,Brandon Carlo,Carlo,6.7407407407407405,27,4100,WPG@BOS,BOS,WPG,,,,,,D/UTIL
85068-147529,D,Braden,Braden Schneider,Schneider,6.117647058823529,34,4100,NYI@NYR,NYR,NYI,,,,,,D/UTIL
85068-66716,W,Mathieu,Mathieu Joseph,Joseph,6.072000122070312,25,4100,WSH@OTT,OTT,WSH,IR,Lower body,,,,W/UTIL
85068-12448,C,Derek,Derek Stepan,Stepan,4.2482757568359375,29,4100,CAR@PIT,CAR,PIT,,,,,,C/UTIL
85068-70927,C,Trent,Trent Frederic,Frederic,6.914285932268415,28,4100,WPG@BOS,BOS,WPG,,,,,,C/UTIL
85068-74127,D,Matt,Matt Benning,Benning,7.049999910242417,34,4100,MIN@SJ,SJ,MIN,,,,,,D/UTIL
85068-21926,D,Brian,Brian Dumoulin,Dumoulin,5.849999904632568,32,4100,CAR@PIT,PIT,CAR,,,,,,D/UTIL
85068-21936,D,Dylan,Dylan DeMelo,DeMelo,6.571428571428571,28,4100,WPG@BOS,WPG,BOS,,,,,,D/UTIL
85068-103936,D,Mario,Mario Ferraro,Ferraro,6.787499745686849,24,4100,MIN@SJ,SJ,MIN,,,,,,D/UTIL
85068-8709,D,Alexander,Alexander Edler,Edler,6.479999796549479,30,4100,CGY@LA,LA,CGY,,,,,,D/UTIL
85068-9990,C,Lars,Lars Eller,Eller,7.03030303030303,33,4100,WSH@OTT,WSH,OTT,,,,,,C/UTIL
85068-82755,D,Ryan,Ryan Lindgren,Lindgren,7.400000095367432,32,4100,NYI@NYR,NYR,NYI,,,,,,D/UTIL
85068-79965,W,Carl,Carl Grundstrom,Grundstrom,6.115624904632568,32,4000,CGY@LA,LA,CGY,,,,,,W/UTIL
85068-13406,D,Brenden,Brenden Dillon,Dillon,6.5625,32,4000,WPG@BOS,WPG,BOS,,,,,,D/UTIL
85068-8294,C,Derick,Derick Brassard,Brassard,6.204000244140625,25,4000,WSH@OTT,OTT,WSH,,,,,,C/UTIL
85068-66689,D,Oliver,Oliver Kylington,Kylington,8.394117647058824,85,4000,CGY@LA,CGY,LA,IR,Personal,,,,D/UTIL
85068-103624,W,Brandon,Brandon Duhaime,Duhaime,6.257142748151507,14,4000,MIN@SJ,MIN,SJ,IR,Upper body,,,,W/UTIL
85068-82191,W,Alex,Alex Formenton,Formenton,8.070885766910601,79,4000,WSH@OTT,OTT,WSH,O,Contract dispute,,,,W/UTIL
85068-39243,D,Nate,Nate Schmidt,Schmidt,6.368965412008351,29,4000,WPG@BOS,WPG,BOS,IR,Upper body,,,,D/UTIL
85068-39264,D,Derek,Derek Forbort,Forbort,6.980000305175781,20,4000,WPG@BOS,BOS,WPG,,,,,,D/UTIL
85068-62195,D,Brett,Brett Pesce,Pesce,7.431250095367432,32,4000,CAR@PIT,CAR,PIT,,,,,,D/UTIL
85068-9033,C,Casey,Casey Cizikas,Cizikas,4.993939486416903,33,4000,NYI@NYR,NYI,NYR,,,,,,C/UTIL
85068-97116,C,Jesperi,Jesperi Kotkaniemi,Kotkaniemi,5.196875095367432,32,4000,CAR@PIT,CAR,PIT,,,,,,C/UTIL
85068-103276,C,Blake,Blake Lizotte,Lizotte,6.719999912806919,35,4000,CGY@LA,LA,CGY,,,,,,C/UTIL
85068-11150,W,Marcus,Marcus Foligno,Foligno,6.121428353445871,28,4000,MIN@SJ,MIN,SJ,,,,,,W/UTIL
85068-82841,D,Will,Will Borgen,Borgen,5.935483870967742,31,4000,SEA@VAN,SEA,VAN,,,,,,D/UTIL
85068-39870,W,Tanner,Tanner Pearson,Pearson,5.464285714285714,14,4000,SEA@VAN,VAN,SEA,IR,Hand,,,,W/UTIL
85068-62443,D,Jaycob,Jaycob Megna,Megna,6,31,4000,MIN@SJ,SJ,MIN,,,,,,D/UTIL
85068-8178,W,Milan,Milan Lucic,Lucic,4.16000010172526,30,4000,CGY@LA,CGY,LA,,,,,,W/UTIL
85068-79924,D,Carson,Carson Soucy,Soucy,5.5741936468308975,31,3900,SEA@VAN,SEA,VAN,,,,,,D/UTIL
85068-66635,D,Ethan,Ethan Bear,Bear,6.200000127156575,24,3900,SEA@VAN,VAN,SEA,,,,,,D/UTIL
85068-82155,W,Mason,Mason Appleton,Appleton,6.685714176722935,14,3900,WPG@BOS,WPG,BOS,IR,Wrist,,,,W/UTIL
85068-82154,D,Sebastian,Sebastian Aho,Aho,5.765517136146283,29,3900,NYI@NYR,NYI,NYR,,,,,,D/UTIL
85068-8495,W,Josh,Josh Bailey,Bailey,6.903448170629041,29,3900,NYI@NYR,NYI,NYR,,,,,,W/UTIL
85068-74035,W,Beck,Beck Malenstyn,Malenstyn,5.920000076293945,5,3900,WSH@OTT,WSH,OTT,IR,Finger,,,,W/UTIL
85068-58685,W,Josh,Josh Archibald,Archibald,4.906666564941406,30,3900,CAR@PIT,PIT,CAR,DTD,Lower body,,,,W/UTIL
85068-8539,W,Nick,Nick Foligno,Foligno,7.2806450628465225,31,3900,WPG@BOS,BOS,WPG,,,,,,W/UTIL
85068-84361,W,Saku,Saku Maenalanen,Maenalanen,5.184000244140625,25,3900,WPG@BOS,WPG,BOS,IR,Upper body,,,,W/UTIL
85068-8611,D,Alex,Alex Goligoski,Goligoski,5.466666751437717,18,3900,MIN@SJ,MIN,SJ,,,,,,D/UTIL
85068-135666,W,Nils,Nils Hoglander,Hoglander,5.727999877929688,25,3900,SEA@VAN,VAN,SEA,,,,,,W/UTIL
85068-135674,D,Artem,Artem Zub,Zub,6.399999891008649,14,3900,WSH@OTT,OTT,WSH,IR,Jaw,,,,D/UTIL
85068-41591,D,Jon,Jon Merrill,Merrill,5.171428680419922,28,3900,MIN@SJ,MIN,SJ,,,,,,D/UTIL
85068-103240,C,Ryan,Ryan Poehling,Poehling,5.626666768391927,30,3900,CAR@PIT,PIT,CAR,DTD,Upper body,,,,C/UTIL
85068-9040,D,Calvin,Calvin de Haan,de Haan,4.48571423121861,28,3900,CAR@PIT,CAR,PIT,,,,,,D/UTIL
85068-15293,D,Jamie,Jamie Oleksiak,Oleksiak,6.666666666666667,24,3900,SEA@VAN,SEA,VAN,,,,,,D/UTIL
85068-15395,W,Brett,Brett Ritchie,Ritchie,5.28,25,3800,CGY@LA,CGY,LA,,,,,,W/UTIL
85068-81968,D,Pierre-Olivier,Pierre-Olivier Joseph,Joseph,5.5499997820172995,28,3800,CAR@PIT,PIT,CAR,,,,,,D/UTIL
85068-82029,D,Sean,Sean Walker,Walker,5.710345038052263,29,3800,CGY@LA,LA,CGY,,,,,,D/UTIL
85068-83207,W,Axel,Axel Jonsson-Fjallby,Jonsson-Fjallby,4.088888945402922,27,3800,WPG@BOS,WPG,BOS,,,,,,W/UTIL
85068-103753,D,Mikey,Mikey Anderson,Anderson,6.628571428571429,35,3800,CGY@LA,LA,CGY,,,,,,D/UTIL
85068-135665,D,Dylan,Dylan Samberg,Samberg,5.92,25,3800,WPG@BOS,WPG,BOS,,,,,,D/UTIL
85068-80443,W,Kevin,Kevin Stenlund,Stenlund,7.519999694824219,5,3800,WPG@BOS,WPG,BOS,,,,,,W/UTIL
85068-70375,D,Nikita,Nikita Zaitsev,Zaitsev,4.622222052680121,18,3800,WSH@OTT,OTT,WSH,,,,,,D/UTIL
85068-54126,D,Trevor,Trevor van Riemsdyk,van Riemsdyk,6.602941176470588,34,3800,WSH@OTT,WSH,OTT,,,,,,D/UTIL
85068-59263,W,Nicolas,Nicolas Aube-Kubel,Aube-Kubel,3.111111111111111,18,3800,WSH@OTT,WSH,OTT,,,,,,W/UTIL
85068-82925,W,Eeli,Eeli Tolvanen,Tolvanen,6.4,15,3800,SEA@VAN,SEA,VAN,,,,,,W/UTIL
85068-42994,D,Nikita,Nikita Zadorov,Zadorov,6.415151422674006,33,3800,CGY@LA,CGY,LA,,,,,,D/UTIL
85068-68623,C,Teddy,Teddy Blueger,Blueger,5.223529591279871,17,3700,CAR@PIT,PIT,CAR,,,,,,C/UTIL
85068-66598,D,Jakub,Jakub Zboril,Zboril,2.6500000953674316,16,3700,WPG@BOS,BOS,WPG,,,,,,D/UTIL
85068-66677,W,Steven,Steven Lorentz,Lorentz,4.824999809265137,32,3700,MIN@SJ,SJ,MIN,,,,,,W/UTIL
85068-84116,D,Erik,Erik Brannstrom,Brannstrom,5.199999809265137,32,3700,WSH@OTT,OTT,WSH,,,,,,D/UTIL
85068-54478,C,Nic,Nic Dowd,Dowd,6.775757760712595,33,3700,WSH@OTT,WSH,OTT,DTD,Illness,,,,C/UTIL
85068-73963,W,A.J.,A.J. Greer,Greer,5.113043411918309,23,3700,WPG@BOS,BOS,WPG,,,,,,W/UTIL
85068-82176,C,Jack,Jack Studnicka,Studnicka,4,18,3700,SEA@VAN,VAN,SEA,,,,,,C/UTIL
85068-8628,D,Marc-Edouard,Marc-Edouard Vlasic,Vlasic,5.647058823529412,34,3700,MIN@SJ,SJ,MIN,,,,,,D/UTIL
85068-156129,C,Jack,Jack Drury,Drury,4,20,3700,CAR@PIT,CAR,PIT,,,,,,C/UTIL
85068-80444,D,Radim,Radim Simek,Simek,5.04827565160291,29,3700,MIN@SJ,SJ,MIN,,,,,,D/UTIL
85068-10842,D,Nick,Nick Holden,Holden,4.600000108991351,28,3700,WSH@OTT,OTT,WSH,,,,,,D/UTIL
85068-80561,D,Jan,Jan Rutta,Rutta,5.824999809265137,32,3700,CAR@PIT,PIT,CAR,,,,,,D/UTIL
85068-59147,D,Jake,Jake Middleton,Middleton,5.75,32,3700,MIN@SJ,MIN,SJ,,,,,,D/UTIL
85068-97091,D,Martin,Martin Fehervary,Fehervary,6.153846153846154,26,3700,WSH@OTT,WSH,OTT,IR,Upper body,,,,D/UTIL
85068-62295,W,Jonny,Jonny Brodzinski,Brodzinski,5.699999809265137,8,3700,NYI@NYR,NYR,NYI,,,,,,W/UTIL
85068-59256,D,Kyle,Kyle Burroughs,Burroughs,5.929411944221048,17,3700,SEA@VAN,VAN,SEA,,,,,,D/UTIL
85068-97228,D,Robin,Robin Salo,Salo,5.661538344163161,13,3700,NYI@NYR,NYI,NYR,,,,,,D/UTIL
85068-9196,W,Matt,Matt Martin,Martin,4.436363451408617,33,3700,NYI@NYR,NYI,NYR,,,,,,W/UTIL
85068-66561,W,Evgeny,Evgeny Svechnikov,Svechnikov,4.892307574932392,26,3600,MIN@SJ,SJ,MIN,,,,,,W/UTIL
85068-66571,D,Jalen,Jalen Chatfield,Chatfield,3.299999952316284,32,3600,CAR@PIT,CAR,PIT,,,,,,D/UTIL
85068-8274,C,Paul,Paul Stastny,Stastny,3.912903324250252,31,3600,CAR@PIT,CAR,PIT,,,,,,C/UTIL
85068-82026,C,Jaret,Jaret Anderson-Dolan,Anderson-Dolan,4.904347958772079,23,3600,CGY@LA,LA,CGY,,,,,,C/UTIL
85068-11387,D,Matt,Matt Irwin,Irwin,3.674073961046007,27,3600,WSH@OTT,WSH,OTT,,,,,,D/UTIL
85068-66728,W,Jansen,Jansen Harkins,Harkins,4.799999910242417,17,3600,WPG@BOS,WPG,BOS,,,,,,W/UTIL
85068-53465,W,Hudson,Hudson Fasching,Fasching,6.133333206176758,6,3600,NYI@NYR,NYI,NYR,,,,,,W/UTIL
85068-73987,D,Riley,Riley Stillman,Stillman,4.088888804117839,18,3600,SEA@VAN,VAN,SEA,,,,,,D/UTIL
85068-70916,D,Logan,Logan Stanley,Stanley,2.8799999237060545,10,3600,WPG@BOS,WPG,BOS,IR,Lower body,,,,D/UTIL
85068-70926,D,Lucas,Lucas Johansen,Johansen,4.800000190734863,2,3600,WSH@OTT,WSH,OTT,,,,,,D/UTIL
85068-74014,D,Dylan,Dylan Coghlan,Coghlan,3.4666665395100913,6,3600,CAR@PIT,CAR,PIT,,,,,,D/UTIL
85068-39309,D,Chad,Chad Ruhwedel,Ruhwedel,2.442105343467311,19,3600,CAR@PIT,PIT,CAR,,,,,,D/UTIL
85068-74148,D,Libor,Libor Hajek,Hajek,3.2400001525878905,20,3600,NYI@NYR,NYR,NYI,,,,,,D/UTIL
85068-128488,D,Connor,Connor Mackey,Mackey,4.799999930641868,11,3600,CGY@LA,CGY,LA,,,,,,D/UTIL
85068-58881,W,Sammy,Sammy Blais,Blais,3.2,30,3600,NYI@NYR,NYR,NYI,,,,,,W/UTIL
85068-148182,D,Jacob,Jacob Bernard-Docker,Bernard-Docker,4.533333460489909,6,3600,WSH@OTT,OTT,WSH,IR,Ankle,,,,D/UTIL
85068-8918,D,Anton,Anton Stralman,Stralman,2.0799999237060547,10,3600,WPG@BOS,BOS,WPG,,,,,,D/UTIL
85068-59127,W,Garnet,Garnet Hathaway,Hathaway,5.388235204360065,34,3600,WSH@OTT,WSH,OTT,,,,,,W/UTIL
85068-70416,D,Markus,Markus Nutivaara,Nutivaara,8,1,3600,MIN@SJ,SJ,MIN,IR,Lower body,,,,D/UTIL
85068-14151,W,Austin,Austin Watson,Watson,3.9124999046325684,32,3600,WSH@OTT,OTT,WSH,,,,,,W/UTIL
85068-59235,C,Tomas,Tomas Nosek,Nosek,4.63225826140373,31,3600,WPG@BOS,BOS,WPG,,,,,,C/UTIL
85068-82828,D,Christian,Christian Wolanin,Wolanin,4.436363567005504,11,3600,SEA@VAN,VAN,SEA,,,,,,D/UTIL
85068-82851,W,Jordan,Jordan Greenway,Greenway,4.849999904632568,16,3600,MIN@SJ,MIN,SJ,,,,,,W/UTIL
85068-148412,D,Zac,Zac Jones,Jones,4.0941175573012405,17,3600,NYI@NYR,NYR,NYI,,,,,,D/UTIL
85068-82926,C,Michael,Michael Eyssimont,Eyssimont,5.550000190734863,16,3600,WPG@BOS,WPG,BOS,,,,,,C/UTIL
85068-79881,D,Tucker,Tucker Poolman,Poolman,5.333333333333333,3,3500,SEA@VAN,VAN,SEA,IR,Undisclosed,,,,D/UTIL
85068-171018,D,Filip,Filip Johansson,Johansson,,,3500,SEA@VAN,VAN,SEA,,,,,,D/UTIL
85068-9230,D,Cameron,Cameron Gaunce,Gaunce,,,3500,CGY@LA,LA,CGY,,,,,,D/UTIL
85068-43022,W,Connor,Connor Brown,Brown,1.2000000476837158,4,3500,WSH@OTT,WSH,OTT,IR,Knee,,,,W/UTIL
85068-82973,W,Karson,Karson Kuhlman,Kuhlman,3.5789473684210527,19,3500,WPG@BOS,WPG,BOS,,,,,,W/UTIL
85068-180255,D,Grigorii,Grigorii Dronov,Dronov,,,3500,CAR@PIT,CAR,PIT,,,,,,D/UTIL
85068-38947,D,Andrej,Andrej Sustr,Sustr,4.06315773411801,38,3500,MIN@SJ,MIN,SJ,,,,,,D/UTIL
85068-180257,D,Griffin,Griffin Mendel,Mendel,,,3500,CAR@PIT,CAR,PIT,,,,,,D/UTIL
85068-79911,D,William,William Lagesson,Lagesson,3.7818182742956914,33,3500,CAR@PIT,CAR,PIT,,,,,,D/UTIL
85068-66615,D,Kyle,Kyle Capobianco,Capobianco,2.4000000423855252,9,3500,WPG@BOS,WPG,BOS,,,,,,D/UTIL
85068-68663,D,Andy,Andy Welinski,Welinski,,,3500,NYI@NYR,NYR,NYI,,,,,,D/UTIL
85068-66616,D,Dakota,Dakota Mermis,Mermis,1.600000023841858,2,3500,MIN@SJ,MIN,SJ,,,,,,D/UTIL
85068-159807,D,Aleksi,Aleksi Heimosalmi,Heimosalmi,,,3500,CAR@PIT,CAR,PIT,,,,,,D/UTIL
85068-180301,D,David,David Spacek,Spacek,,,3500,MIN@SJ,MIN,SJ,,,,,,D/UTIL
85068-180305,D,Benjamin,Benjamin Finkelstein,Finkelstein,,,3500,MIN@SJ,MIN,SJ,,,,,,D/UTIL
85068-161890,D,Zach,Zach Giuttari,Giuttari,,,3500,NYI@NYR,NYR,NYI,,,,,,D/UTIL
85068-66656,D,Mike,Mike Reilly,Reilly,3.6000000635782876,12,3500,WPG@BOS,BOS,WPG,,,,,,D/UTIL
85068-66682,D,Travis,Travis Dermott,Dermott,3.51999994913737,60,3500,SEA@VAN,VAN,SEA,IR,Concussion,,,,D/UTIL
85068-180352,D,Angus,Angus Booth,Booth,,,3500,CGY@LA,LA,CGY,,,,,,D/UTIL
85068-180353,D,Marc,Marc Lajoie,Lajoie,,,3500,CGY@LA,LA,CGY,,,,,,D/UTIL
85068-161940,D,Kyle,Kyle Masters,Masters,,,3500,MIN@SJ,MIN,SJ,,,,,,D/UTIL
85068-66712,D,Noah,Noah Juulsen,Juulsen,1.2800000190734864,5,3500,SEA@VAN,VAN,SEA,,,,,,D/UTIL
85068-73907,D,Frederic,Frederic Allard,Allard,,,3500,CGY@LA,LA,CGY,,,,,,D/UTIL
85068-66741,D,Nicolas,Nicolas Meloche,Meloche,4.2,50,3500,CGY@LA,CGY,LA,,,,,,D/UTIL
85068-180407,D,Kirill,Kirill Kudryavtsev,Kudryavtsev,,,3500,SEA@VAN,VAN,SEA,,,,,,D/UTIL
85068-180408,D,Matt,Matt Anderson,Anderson,,,3500,SEA@VAN,VAN,SEA,,,,,,D/UTIL
85068-180409,D,Chad,Chad Nychuk,Nychuk,,,3500,SEA@VAN,VAN,SEA,,,,,,D/UTIL
85068-160964,D,Carson,Carson Lambos,Lambos,,,3500,MIN@SJ,MIN,SJ,,,,,,D/UTIL
85068-161993,D,Louka,Louka Henault,Henault,,,3500,NYI@NYR,NYR,NYI,,,,,,D/UTIL
85068-66770,D,Cavan,Cavan Fitzgerald,Fitzgerald,,,3500,CAR@PIT,CAR,PIT,O,Undisclosed,,,,D/UTIL
85068-116949,C,David,David Gustafsson,Gustafsson,3.3677419847057712,31,3500,WPG@BOS,WPG,BOS,,,,,,C/UTIL
85068-104674,D,Jesper,Jesper Sellgren,Sellgren,,,3500,CAR@PIT,CAR,PIT,,,,,,D/UTIL
85068-21735,D,Matt,Matt Tennyson,Tennyson,4.800000190734863,8,3500,SEA@VAN,SEA,VAN,,,,,,D/UTIL
85068-8425,W,Cal,Cal Clutterbuck,Clutterbuck,4.584615267240084,26,3500,NYI@NYR,NYI,NYR,IR,Upper body,,,,W/UTIL
85068-39145,D,Danny,Danny DeKeyser,DeKeyser,5.8033897270590575,59,3500,SEA@VAN,VAN,SEA,,,,,,D/UTIL
85068-152815,D,Helge,Helge Grans,Grans,,,3500,CGY@LA,LA,CGY,,,,,,D/UTIL
85068-66798,D,Guillaume,Guillaume Brisebois,Brisebois,6.400000254313151,3,3500,SEA@VAN,VAN,SEA,,,,,,D/UTIL
85068-82162,D,Turner,Turner Ottenbreit,Ottenbreit,,,3500,MIN@SJ,MIN,SJ,,,,,,D/UTIL
85068-73972,W,Noah,Noah Gregor,Gregor,4.336842185572574,19,3500,MIN@SJ,SJ,MIN,,,,,,W/UTIL
85068-62723,W,Ondrej,Ondrej Kase,Kase,0,4,3500,CAR@PIT,CAR,PIT,IR,Concussion,,,,W/UTIL
85068-70918,D,Dennis,Dennis Cholowski,Cholowski,4.8000001173753,13,3500,NYI@NYR,NYI,NYR,,,,,,D/UTIL
85068-82192,W,Parker,Parker Kelly,Kelly,3.08000005086263,30,3500,WSH@OTT,OTT,WSH,,,,,,W/UTIL
85068-82198,C,Mark,Mark Kastelic,Kastelic,4.441379415577855,29,3500,WSH@OTT,OTT,WSH,,,,,,C/UTIL
85068-74015,D,Dan,Dan Renouf,Renouf,11.199999809265137,1,3500,WPG@BOS,BOS,WPG,,,,,,D/UTIL
85068-167202,D,Brandon,Brandon Scanlin,Scanlin,,,3500,NYI@NYR,NYR,NYI,,,,,,D/UTIL
85068-162081,D,Tobie,Tobie Bisson,Bisson,,,3500,CGY@LA,LA,CGY,,,,,,D/UTIL
85068-117039,D,Hunter,Hunter Skinner,Skinner,,,3500,NYI@NYR,NYR,NYI,,,,,,D/UTIL
85068-117038,D,Matthew,Matthew Robertson,Robertson,,,3500,NYI@NYR,NYR,NYI,,,,,,D/UTIL
85068-117046,D,Quinn,Quinn Schmiemann,Schmiemann,,,3500,SEA@VAN,VAN,SEA,,,,,,D/UTIL
85068-62783,W,Joonas,Joonas Donskoi,Donskoi,5.06,75,3500,SEA@VAN,SEA,VAN,IR,Upper body,,,,W/UTIL
85068-149830,D,Daemon,Daemon Hunt,Hunt,,,3500,MIN@SJ,MIN,SJ,,,,,,D/UTIL
85068-149831,D,Ryan,Ryan O'Rourke,O'Rourke,,,3500,MIN@SJ,MIN,SJ,,,,,,D/UTIL
85068-117092,D,Jordan,Jordan Spence,Spence,2.4000000953674316,2,3500,CGY@LA,LA,CGY,,,,,,D/UTIL
85068-74096,D,Jacob,Jacob Moverare,Moverare,8,2,3500,CGY@LA,LA,CGY,,,,,,D/UTIL
85068-149873,D,Santeri,Santeri Hatakka,Hatakka,3.2,10,3500,MIN@SJ,SJ,MIN,,,,,,D/UTIL
85068-159098,D,Brandt,Brandt Clarke,Clarke,5.136363636363637,11,3500,CGY@LA,LA,CGY,,,,,,D/UTIL
85068-167291,D,Tyler,Tyler Inamoto,Inamoto,,,3500,CGY@LA,LA,CGY,,,,,,D/UTIL
85068-168321,D,Kim,Kim Nousiainen,Nousiainen,,,3500,CGY@LA,LA,CGY,,,,,,D/UTIL
85068-74132,D,Maxime,Maxime Lajoie,Lajoie,1.0666666825612385,3,3500,CAR@PIT,CAR,PIT,,,,,,D/UTIL
85068-162237,D,Ronan,Ronan Seeley,Seeley,,,3500,CAR@PIT,CAR,PIT,,,,,,D/UTIL
85068-117184,D,Zachary,Zachary Hayes,Hayes,1.0666666825612385,3,3500,CAR@PIT,CAR,PIT,,,,,,D/UTIL
85068-162241,D,Bryce,Bryce Montgomery,Montgomery,,,3500,CAR@PIT,CAR,PIT,,,,,,D/UTIL
85068-162278,D,Landon,Landon Kosior,Kosior,,,3500,CGY@LA,LA,CGY,,,,,,D/UTIL
85068-162277,D,Cameron,Cameron Supryka,Supryka,,,3500,CGY@LA,LA,CGY,,,,,,D/UTIL
85068-128500,D,Jack,Jack Ahcan,Ahcan,4.75,6,3500,WPG@BOS,BOS,WPG,,,,,,D/UTIL
85068-117248,D,Jon,Jon Lizotte,Lizotte,8,1,3500,CAR@PIT,PIT,CAR,,,,,,D/UTIL
85068-96801,W,Jakub,Jakub Lauko,Lauko,4.685714176722935,7,3500,WPG@BOS,BOS,WPG,,,,,,W/UTIL
85068-70225,D,Gabriel,Gabriel Carlsson,Carlsson,4.2526317395662,38,3500,WSH@OTT,WSH,OTT,,,,,,D/UTIL
85068-80475,W,Oskar,Oskar Lindblom,Lindblom,3.2906250953674316,32,3500,MIN@SJ,SJ,MIN,,,,,,W/UTIL
85068-148082,D,David,David Farrance,Farrance,,,3500,CAR@PIT,CAR,PIT,,,,,,D/UTIL
85068-103033,D,Jett,Jett Woo,Woo,,,3500,SEA@VAN,VAN,SEA,,,,,,D/UTIL
85068-113273,D,Tobias,Tobias Bjornfot,Bjornfot,6,4,3500,CGY@LA,LA,CGY,,,,,,D/UTIL
85068-113281,D,Artemi,Artemi Kniazev,Kniazev,1.600000023841858,2,3500,MIN@SJ,SJ,MIN,,,,,,D/UTIL
85068-113283,D,Lassi,Lassi Thomson,Thomson,0.800000011920929,2,3500,WSH@OTT,OTT,WSH,,,,,,D/UTIL
85068-113285,C,Aliaksei,Aliaksei Protas,Protas,4.305882173426011,34,3500,WSH@OTT,WSH,OTT,,,,,,C/UTIL
85068-113289,C,Rasmus,Rasmus Kupari,Kupari,4.5473685013620475,19,3500,CGY@LA,LA,CGY,,,,,,C/UTIL
85068-113288,D,Ville,Ville Heinola,Heinola,1.0666666825612385,3,3500,WPG@BOS,WPG,BOS,,,,,,D/UTIL
85068-12952,D,Jake,Jake Gardiner,Gardiner,,,3500,CAR@PIT,CAR,PIT,IR,Hip,,,,D/UTIL
85068-103079,D,Brady,Brady Keeper,Keeper,,,3500,SEA@VAN,VAN,SEA,,,,,,D/UTIL
85068-70325,D,Paul,Paul LaDue,LaDue,3.200000047683716,1,3500,NYI@NYR,NYI,NYR,,,,,,D/UTIL
85068-108240,D,Tarmo,Tarmo Reunanen,Reunanen,,,3500,CAR@PIT,CAR,PIT,,,,,,D/UTIL
85068-103124,D,Grant,Grant Hutton,Hutton,4.150000095367432,16,3500,NYI@NYR,NYI,NYR,,,,,,D/UTIL
85068-148220,D,Ty,Ty Emberson,Emberson,,,3500,NYI@NYR,NYR,NYI,,,,,,D/UTIL
85068-177917,D,Anttoni,Anttoni Honka,Honka,,,3500,CAR@PIT,CAR,PIT,,,,,,D/UTIL
85068-169736,D,Simon,Simon Johansson,Johansson,,,3500,MIN@SJ,MIN,SJ,,,,,,D/UTIL
85068-42780,D,Dillon,Dillon Heatherington,Heatherington,1.0666667090521917,9,3500,WSH@OTT,OTT,WSH,,,,,,D/UTIL
85068-135978,D,Jack,Jack Rathbone,Rathbone,3.4285714285714284,7,3500,SEA@VAN,VAN,SEA,,,,,,D/UTIL
85068-97090,D,Alexander,Alexander Alexeyev,Alexeyev,5.1200000762939455,5,3500,WSH@OTT,WSH,OTT,IR,Upper body,,,,D/UTIL
85068-97092,D,Alex,Alex Kannok-Leipert,Kannok-Leipert,,,3500,SEA@VAN,VAN,SEA,,,,,,D/UTIL
85068-12120,D,Matt,Matt Bartkowski,Bartkowski,,,3500,NYI@NYR,NYR,NYI,,,,,,D/UTIL
85068-97120,D,Cale,Cale Fleury,Fleury,1.7600000381469727,10,3500,SEA@VAN,SEA,VAN,,,,,,D/UTIL
85068-42855,D,Ben,Ben Harpur,Harpur,3.5999999046325684,4,3500,NYI@NYR,NYR,NYI,,,,,,D/UTIL
85068-59239,D,Joe,Joe Hicketts,Hicketts,,,3500,MIN@SJ,MIN,SJ,,,,,,D/UTIL
85068-42863,D,Derrick,Derrick Pouliot,Pouliot,6.109090631658381,11,3500,MIN@SJ,SJ,MIN,,,,,,D/UTIL
85068-180085,D,Luke,Luke Martin,Martin,,,3500,NYI@NYR,NYR,NYI,,,,,,D/UTIL
85068-15239,W,Craig,Craig Smith,Smith,4.110526235480058,19,3500,WPG@BOS,BOS,WPG,,,,,,W/UTIL
85068-97177,D,Kristians,Kristians Rubins,Rubins,3.7333332697550454,3,3500,WSH@OTT,OTT,WSH,,,,,,D/UTIL
85068-97181,D,Dylan,Dylan MacPherson,MacPherson,,,3500,SEA@VAN,VAN,SEA,,,,,,D/UTIL
85068-70565,D,Jacob,Jacob Larsson,Larsson,2.133333365122477,3,3500,WSH@OTT,OTT,WSH,,,,,,D/UTIL
85068-70579,D,Michal,Michal Kempny,Kempny,4.426666768391927,15,3500,SEA@VAN,SEA,VAN,,,,,,D/UTIL
85068-97203,D,Ryan,Ryan Merkley,Merkley,3.7384616167117386,39,3500,MIN@SJ,SJ,MIN,,,,,,D/UTIL
85068-97209,D,Declan,Declan Chisholm,Chisholm,4,2,3500,WPG@BOS,WPG,BOS,,,,,,D/UTIL
85068-97213,D,Ty,Ty Smith,Smith,6.393939393939394,66,3500,CAR@PIT,PIT,CAR,,,,,,D/UTIL
85068-82913,D,Blake,Blake Hillman,Hillman,,,3500,NYI@NYR,NYR,NYI,,,,,,D/UTIL
85068-79846,D,Mark,Mark Friedman,Friedman,4.848484848484849,33,3500,CAR@PIT,PIT,CAR,,,,,,D/UTIL
85068-136184,D,Wyatt,Wyatt Kalynuk,Kalynuk,0.3200000047683716,5,3500,SEA@VAN,VAN,SEA,,,,,,D/UTIL
85068-79866,W,Vinni,Vinni Lettieri,Lettieri,6.7645160305884575,31,3500,WPG@BOS,BOS,WPG,,,,,,W/UTIL
85068-70919,W,Julien,Julien Gauthier,Gauthier,4.452173979386039,23,3400,NYI@NYR,NYR,NYI,,,,,,W/UTIL
85068-173464,C,Shane,Shane Wright,Wright,3.272727272727273,11,3400,SEA@VAN,SEA,VAN,,,,,,C/UTIL
85068-104016,W,Vitali,Vitali Kravtsov,Kravtsov,3.105882308062385,17,3400,NYI@NYR,NYR,NYI,,,,,,W/UTIL
85068-42860,W,Curtis,Curtis Lazar,Lazar,4.457142784481957,21,3400,SEA@VAN,VAN,SEA,,,,,,W/UTIL
85068-54200,C,Ryan,Ryan Carpenter,Carpenter,3.466666811988467,21,3400,NYI@NYR,NYR,NYI,,,,,,C/UTIL
85068-82095,W,Jonah,Jonah Gadjovich,Gadjovich,2.1200000762939455,20,3300,MIN@SJ,SJ,MIN,,,,,,W/UTIL
85068-82180,W,Dominic,Dominic Toninato,Toninato,2.200000047683716,8,3300,WPG@BOS,WPG,BOS,,,,,,W/UTIL
85068-113284,W,Connor,Connor McMichael,McMichael,0.8,10,3300,WSH@OTT,WSH,OTT,,,,,,W/UTIL
85068-8887,W,Ryan,Ryan Reaves,Reaves,2.40000005868765,26,3300,MIN@SJ,MIN,SJ,,,,,,W/UTIL
85068-170839,C,Nils,Nils Aman,Aman,3.4838709677419355,31,3300,SEA@VAN,VAN,SEA,,,,,,C/UTIL
85068-43089,W,Ross,Ross Johnston,Johnston,1.7999999523162842,8,3200,NYI@NYR,NYI,NYR,,,,,,W/UTIL
85068-82096,W,Kole,Kole Lind,Lind,5.982608961022419,23,3200,SEA@VAN,SEA,VAN,,,,,,W/UTIL
85068-103077,W,Joe,Joe Snively,Snively,3.200000047683716,8,3200,WSH@OTT,WSH,OTT,,,,,,W/UTIL
85068-142023,C,Marco,Marco Rossi,Rossi,2.299999952316284,16,3200,MIN@SJ,MIN,SJ,,,,,,C/UTIL
85068-82909,C,Dylan,Dylan Gambrell,Gambrell,2.588235294117647,17,3200,WSH@OTT,OTT,WSH,,,,,,C/UTIL
85068-178156,C,Sammy,Sammy Walker,Walker,1.600000023841858,4,3200,MIN@SJ,MIN,SJ,,,,,,C/UTIL
85068-66553,C,Lane,Lane Pederson,Pederson,2.4000000953674316,2,3200,SEA@VAN,VAN,SEA,,,,,,C/UTIL
85068-145542,C,Hendrix,Hendrix Lapierre,Lapierre,3.7714285169328963,7,3100,WSH@OTT,WSH,OTT,,,,,,C/UTIL
85068-74025,W,Tim,Tim Gettinger,Gettinger,1.600000023841858,8,3100,NYI@NYR,NYR,NYI,,,,,,W/UTIL
85068-135675,C,Radim,Radim Zohorna,Zohorna,0.9600000381469727,5,3100,CGY@LA,CGY,LA,,,,,,C/UTIL
85068-62019,W,Nikita,Nikita Soshnikov,Soshnikov,0.800000011920929,8,3100,NYI@NYR,NYI,NYR,,,,,,W/UTIL
85068-15365,W,Andy,Andy Andreoff,Andreoff,3.866666793823242,6,3000,NYI@NYR,NYI,NYR,,,,,,W/UTIL
85068-43015,C,Jacob,Jacob Doty,Doty,,,3000,CGY@LA,LA,CGY,,,,,,C/UTIL
85068-79880,W,C.J.,C.J. Smith,Smith,0,1,3000,NYI@NYR,NYR,NYI,,,,,,W/UTIL
85068-79887,C,Mike,Mike Vecchione,Vecchione,4.800000190734863,1,3000,WSH@OTT,WSH,OTT,,,,,,C/UTIL
85068-11284,C,Cody,Cody Eakin,Eakin,3.9971426827566963,70,3000,CGY@LA,CGY,LA,,,,,,C/UTIL
85068-62494,C,Joseph,Joseph LaBate,LaBate,,,3000,CAR@PIT,CAR,PIT,,,,,,C/UTIL
85068-68639,W,Steven,Steven Fogarty,Fogarty,0,2,3000,MIN@SJ,MIN,SJ,,,,,,W/UTIL
85068-168988,W,Bobby,Bobby Trivigno,Trivigno,,,3000,NYI@NYR,NYR,NYI,,,,,,W/UTIL
85068-68645,W,MacKenzie,MacKenzie MacEachern,MacEachern,2.857142857142857,14,3000,CAR@PIT,CAR,PIT,,,,,,W/UTIL
85068-170039,C,Adam,Adam Edstrom,Edstrom,,,3000,NYI@NYR,NYR,NYI,,,,,,C/UTIL
85068-159803,W,William,William Eklund,Eklund,5.855555640326606,9,3000,MIN@SJ,SJ,MIN,,,,,,W/UTIL
85068-159806,W,Ville,Ville Koivunen,Koivunen,,,3000,CAR@PIT,CAR,PIT,,,,,,W/UTIL
85068-161853,W,Zac,Zac Jordan,Jordan,,,3000,NYI@NYR,NYR,NYI,,,,,,W/UTIL
85068-161858,C,Kaleb,Kaleb Lawrence,Lawrence,,,3000,CGY@LA,LA,CGY,,,,,,C/UTIL
85068-149574,C,Karl,Karl Henriksson,Henriksson,,,3000,NYI@NYR,NYR,NYI,,,,,,C/UTIL
85068-180299,C,Hunter,Hunter Haight,Haight,,,3000,MIN@SJ,MIN,SJ,,,,,,C/UTIL
85068-180302,C,Josh,Josh Pillar,Pillar,,,3000,MIN@SJ,MIN,SJ,,,,,,C/UTIL
85068-180306,W,Michael,Michael Milne,Milne,,,3000,MIN@SJ,MIN,SJ,,,,,,W/UTIL
85068-180304,C,Servac,Servac Petrovsky,Petrovsky,,,3000,MIN@SJ,MIN,SJ,,,,,,C/UTIL
85068-66642,W,Austin,Austin Wagner,Wagner,,,3000,CGY@LA,LA,CGY,,,,,,W/UTIL
85068-161883,C,Ryder,Ryder Korczak,Korczak,,,3000,NYI@NYR,NYR,NYI,,,,,,C/UTIL
85068-82011,C,Ben,Ben Jones,Jones,1.600000023841858,2,3000,CGY@LA,CGY,LA,,,,,,C/UTIL
85068-161884,W,Mike,Mike O'Leary,O'Leary,,,3000,MIN@SJ,MIN,SJ,,,,,,W/UTIL
85068-167004,C,Marc,Marc McLaughlin,McLaughlin,5.309091047807173,11,3000,WPG@BOS,BOS,WPG,,,,,,C/UTIL
85068-161885,C,Matt,Matt Rempe,Rempe,,,3000,NYI@NYR,NYR,NYI,,,,,,C/UTIL
85068-161888,W,Alex,Alex Whelan,Whelan,,,3000,NYI@NYR,NYR,NYI,,,,,,W/UTIL
85068-180347,W,James,James Stefan,Stefan,,,3000,CGY@LA,LA,CGY,,,,,,W/UTIL
85068-82042,W,Stelio,Stelio Mattheos,Mattheos,,,3000,CAR@PIT,CAR,PIT,,,,,,W/UTIL
85068-180350,C,Riley,Riley Fiddler-Schultz,Fiddler-Schultz,,,3000,CGY@LA,LA,CGY,,,,,,C/UTIL
85068-180349,W,Eric,Eric Alarie,Alarie,,,3000,CGY@LA,LA,CGY,,,,,,W/UTIL
85068-161938,C,Caedan,Caedan Bankier,Bankier,,,3000,MIN@SJ,MIN,SJ,,,,,,C/UTIL
85068-161939,W,Pavel,Pavel Novak,Novak,,,3000,MIN@SJ,MIN,SJ,O,Illness,,,,W/UTIL
85068-116887,W,Sam,Sam Poulin,Poulin,1.9000000272478377,7,3000,CAR@PIT,PIT,CAR,O,Not injury related,,,,W/UTIL
85068-82083,W,Lias,Lias Andersson,Andersson,1.600000023841858,1,3000,CGY@LA,LA,CGY,,,,,,W/UTIL
85068-180402,W,Matt,Matt Alfaro,Alfaro,,,3000,SEA@VAN,VAN,SEA,,,,,,W/UTIL
85068-180403,W,Cole,Cole Shepard,Shepard,,,3000,SEA@VAN,VAN,SEA,,,,,,W/UTIL
85068-180406,W,Yushiro,Yushiro Hirano,Hirano,,,3000,SEA@VAN,VAN,SEA,,,,,,W/UTIL
85068-180404,W,Michael,Michael Regush,Regush,,,3000,SEA@VAN,VAN,SEA,,,,,,W/UTIL
85068-180405,W,Marc,Marc Gatcomb,Gatcomb,,,3000,SEA@VAN,VAN,SEA,,,,,,W/UTIL
85068-43196,W,Alan,Alan Quine,Quine,,,3000,CGY@LA,LA,CGY,,,,,,W/UTIL
85068-149697,W,Lauri,Lauri Pajuniemi,Pajuniemi,,,3000,NYI@NYR,NYR,NYI,,,,,,W/UTIL
85068-54479,W,T.J.,T.J. Tynan,Tynan,4,2,3000,CGY@LA,LA,CGY,,,,,,W/UTIL
85068-73941,C,Tanner,Tanner Kaspick,Kaspick,,,3000,MIN@SJ,MIN,SJ,,,,,,C/UTIL
85068-167128,W,Taylor,Taylor Ward,Ward,,,3000,CGY@LA,LA,CGY,,,,,,W/UTIL
85068-54503,W,Ryan,Ryan Dzingel,Dzingel,4.675000190734863,32,3000,CAR@PIT,CAR,PIT,,,,,,W/UTIL
85068-73966,W,Jeffrey,Jeffrey Viel,Viel,3.200000047683716,1,3000,MIN@SJ,SJ,MIN,,,,,,W/UTIL
85068-168188,C,Sam,Sam Hentges,Hentges,,,3000,MIN@SJ,MIN,SJ,,,,,,C/UTIL
85068-168192,W,Andre,Andre Lee,Lee,,,3000,CGY@LA,LA,CGY,,,,,,W/UTIL
85068-70921,W,Henrik,Henrik Borgstrom,Borgstrom,3.0636363636363635,55,3000,WSH@OTT,WSH,OTT,,,,,,W/UTIL
85068-117013,W,Adam,Adam Beckman,Beckman,2.799999952316284,4,3000,MIN@SJ,MIN,SJ,,,,,,W/UTIL
85068-82202,C,Alexander,Alexander True,True,1.600000023841858,8,3000,SEA@VAN,SEA,VAN,,,,,,C/UTIL
85068-102690,W,Linus,Linus Karlsson,Karlsson,,,3000,SEA@VAN,VAN,SEA,,,,,,W/UTIL
85068-74029,W,Ty,Ty Ronning,Ronning,,,3000,MIN@SJ,MIN,SJ,,,,,,W/UTIL
85068-58678,W,Brendan,Brendan Lemieux,Lemieux,3.700000047683716,16,3000,CGY@LA,LA,CGY,IR,Lower body,,,,W/UTIL
85068-74039,C,Garrett,Garrett Pilon,Pilon,6.800000190734863,2,3000,WSH@OTT,WSH,OTT,,,,,,C/UTIL
85068-152885,C,Viktor,Viktor Lodin,Lodin,4.800000190734863,1,3000,WSH@OTT,OTT,WSH,,,,,,C/UTIL
85068-170302,C,Gustav,Gustav Rydahl,Rydahl,,,3000,NYI@NYR,NYR,NYI,,,,,,C/UTIL
85068-117061,C,Ryan,Ryan Suzuki,Suzuki,,,3000,CAR@PIT,CAR,PIT,,,,,,C/UTIL
85068-117063,C,Blake,Blake Murray,Murray,,,3000,CAR@PIT,CAR,PIT,,,,,,C/UTIL
85068-149828,W,Valtteri,Valtteri Puustinen,Puustinen,9.600000381469727,1,3000,CAR@PIT,PIT,CAR,,,,,,W/UTIL
85068-117062,C,Jamieson,Jamieson Rees,Rees,,,3000,CAR@PIT,CAR,PIT,,,,,,C/UTIL
85068-74067,C,Kevin,Kevin Rooney,Rooney,2.577777862548828,18,3000,CGY@LA,CGY,LA,,,,,,C/UTIL
85068-117087,W,Cole,Cole Schwindt,Schwindt,2.6666666666666665,3,3000,CGY@LA,CGY,LA,,,,,,W/UTIL
85068-82276,C,Oskar,Oskar Steen,Steen,5.44000015258789,20,3000,WPG@BOS,BOS,WPG,,,,,,C/UTIL
85068-74100,C,Tanner,Tanner Fritz,Fritz,,,3000,NYI@NYR,NYR,NYI,,,,,,C/UTIL
85068-162171,W,Connor,Connor Lockhart,Lockhart,,,3000,SEA@VAN,VAN,SEA,,,,,,W/UTIL
85068-168318,W,Noel,Noel Gunler,Gunler,,,3000,CAR@PIT,CAR,PIT,,,,,,W/UTIL
85068-162172,C,Tristen,Tristen Nielsen,Nielsen,,,3000,SEA@VAN,VAN,SEA,,,,,,C/UTIL
85068-149888,W,Adam,Adam Raska,Raska,0.6400000095367432,5,3000,MIN@SJ,SJ,MIN,,,,,,W/UTIL
85068-21895,W,Chris,Chris Wagner,Wagner,2.4000000953674316,4,3000,WPG@BOS,BOS,WPG,,,,,,W/UTIL
85068-152973,W,Jeff,Jeff Malott,Malott,0,1,3000,WPG@BOS,WPG,BOS,,,,,,W/UTIL
85068-161189,W,Jasper,Jasper Weatherby,Weatherby,4.387999877929688,50,3000,MIN@SJ,SJ,MIN,,,,,,W/UTIL
85068-117161,C,Carson,Carson Focht,Focht,,,3000,SEA@VAN,VAN,SEA,,,,,,C/UTIL
85068-169397,C,Thomas,Thomas Bordeleau,Bordeleau,8.462499618530273,8,3000,MIN@SJ,SJ,MIN,,,,,,C/UTIL
85068-12732,W,Michael,Michael Sgarbossa,Sgarbossa,6.079999923706055,10,3000,WSH@OTT,WSH,OTT,,,,,,W/UTIL
85068-162239,W,Bobby,Bobby Orr,Orr,,,3000,CAR@PIT,CAR,PIT,,,,,,W/UTIL
85068-162240,C,Justin,Justin Robidas,Robidas,,,3000,CAR@PIT,CAR,PIT,,,,,,C/UTIL
85068-162267,W,Justin,Justin Nachbaur,Nachbaur,,,3000,CGY@LA,LA,CGY,,,,,,W/UTIL
85068-162270,W,Martin,Martin Chromiak,Chromiak,,,3000,CGY@LA,LA,CGY,,,,,,W/UTIL
85068-162271,C,Brett,Brett Kemp,Kemp,,,3000,CGY@LA,LA,CGY,,,,,,C/UTIL
85068-162269,C,Francesco,Francesco Pinelli,Pinelli,,,3000,CGY@LA,LA,CGY,,,,,,C/UTIL
85068-128491,W,Mitchell,Mitchell Chaffee,Chaffee,0.800000011920929,2,3000,MIN@SJ,MIN,SJ,,,,,,W/UTIL
85068-128499,W,Austin,Austin Rueschhoff,Rueschhoff,,,3000,NYI@NYR,NYR,NYI,,,,,,W/UTIL
85068-103935,C,Filip,Filip Hallander,Hallander,2.4000000953674316,2,3000,CAR@PIT,PIT,CAR,,,,,,C/UTIL
85068-154119,W,Jesper,Jesper Froden,Froden,5.142857142857143,7,3000,SEA@VAN,SEA,VAN,,,,,,W/UTIL
85068-8714,C,Nicklas,Nicklas Backstrom,Backstrom,9.44905637345224,53,3000,WSH@OTT,WSH,OTT,IR,Hip,,,,C/UTIL
85068-173587,W,Adam,Adam Sykora,Sykora,,,3000,NYI@NYR,NYR,NYI,,,,,,W/UTIL
85068-70167,W,Malte,Malte Stromwall,Stromwall,,,3000,CAR@PIT,CAR,PIT,,,,,,W/UTIL
85068-54816,W,Max,Max McCormick,McCormick,1.7600000381469727,10,3000,SEA@VAN,SEA,VAN,,,,,,W/UTIL
85068-58925,W,Cristiano,Cristiano DiGiacinto,DiGiacinto,,,3000,NYI@NYR,NYR,NYI,,,,,,W/UTIL
85068-173639,W,Liam,Liam Ohgren,Ohgren,,,3000,MIN@SJ,MIN,SJ,,,,,,W/UTIL
85068-167499,W,Arshdeep,Arshdeep Bains,Bains,,,3000,SEA@VAN,VAN,SEA,,,,,,W/UTIL
85068-150105,W,Tuukka,Tuukka Tieksola,Tieksola,,,3000,CAR@PIT,CAR,PIT,,,,,,W/UTIL
85068-152162,W,Vasily,Vasily Podkolzin,Podkolzin,4,16,3000,SEA@VAN,VAN,SEA,,,,,,W/UTIL
85068-113274,W,Samuel,Samuel Fagemo,Fagemo,8.799999872843424,3,3000,CGY@LA,LA,CGY,,,,,,W/UTIL
85068-8829,C,Nate,Nate Thompson,Thompson,2.9333334258108428,33,3000,CGY@LA,LA,CGY,,,,,,C/UTIL
85068-42628,W,Andrew,Andrew Agozzino,Agozzino,1.600000023841858,1,3000,MIN@SJ,SJ,MIN,,,,,,W/UTIL
85068-59012,W,Jayce,Jayce Hawryluk,Hawryluk,,,3000,WSH@OTT,OTT,WSH,,,,,,W/UTIL
85068-152238,W,Karel,Karel Plasek,Plasek,,,3000,SEA@VAN,VAN,SEA,,,,,,W/UTIL
85068-142016,C,Quinton,Quinton Byfield,Byfield,2.933333396911621,12,3000,CGY@LA,LA,CGY,,,,,,C/UTIL
85068-167639,W,Vladislav,Vladislav Firstov,Firstov,,,3000,MIN@SJ,MIN,SJ,,,,,,W/UTIL
85068-103129,C,Ryan,Ryan Lohin,Lohin,,,3000,NYI@NYR,NYR,NYI,,,,,,C/UTIL
85068-148191,C,Scott,Scott Reedy,Reedy,5.597142682756696,35,3000,MIN@SJ,SJ,MIN,,,,,,C/UTIL
85068-146162,W,William,William Lockwood,Lockwood,6.400000095367432,2,3000,SEA@VAN,VAN,SEA,,,,,,W/UTIL
85068-104183,W,Dominik,Dominik Bokk,Bokk,,,3000,CAR@PIT,CAR,PIT,,,,,,W/UTIL
85068-119549,C,Tyler,Tyler Madden,Madden,,,3000,CGY@LA,LA,CGY,,,,,,C/UTIL
85068-59143,W,Vincent,Vincent Arseneau,Arseneau,,,3000,SEA@VAN,VAN,SEA,,,,,,W/UTIL
85068-146185,C,Vasily,Vasily Ponomarev,Ponomarev,,,3000,CAR@PIT,CAR,PIT,,,,,,C/UTIL
85068-97049,W,Egor,Egor Sokolov,Sokolov,2.4000000953674316,8,3000,WSH@OTT,OTT,WSH,,,,,,W/UTIL
85068-97057,C,Damien,Damien Giroux,Giroux,,,3000,MIN@SJ,MIN,SJ,,,,,,C/UTIL
85068-42786,W,Justin,Justin Dowling,Dowling,3.709090839732777,22,3000,SEA@VAN,VAN,SEA,,,,,,W/UTIL
85068-9002,W,Richard,Richard Panik,Panik,4.525000095367432,4,3000,NYI@NYR,NYI,NYR,,,,,,W/UTIL
85068-97073,C,Chase,Chase Wouters,Wouters,,,3000,SEA@VAN,VAN,SEA,,,,,,C/UTIL
85068-70472,W,Drake,Drake Caggiula,Caggiula,1.2000000476837158,4,3000,CAR@PIT,PIT,CAR,,,,,,W/UTIL
85068-59222,W,Clark,Clark Bishop,Bishop,2.8444444868299694,9,3000,CGY@LA,CGY,LA,,,,,,W/UTIL
85068-59245,W,Brandon,Brandon Baddock,Baddock,0,1,3000,MIN@SJ,MIN,SJ,,,,,,W/UTIL
85068-149357,W,Cole,Cole Reinhardt,Reinhardt,1.600000023841858,1,3000,WSH@OTT,OTT,WSH,,,,,,W/UTIL
85068-59251,W,Michael,Michael Dal Colle,Dal Colle,3.200000047683716,1,3000,WSH@OTT,OTT,WSH,,,,,,W/UTIL
85068-180087,W,Easton,Easton Brodzinski,Brodzinski,,,3000,NYI@NYR,NYR,NYI,,,,,,W/UTIL
85068-97159,C,Akil,Akil Thomas,Thomas,,,3000,CGY@LA,LA,CGY,O,Shoulder,,,,C/UTIL
85068-82825,C,Otto,Otto Koivula,Koivula,4.400000095367432,8,3000,NYI@NYR,NYI,NYR,,,,,,C/UTIL
85068-97160,C,Aidan,Aidan Dudas,Dudas,,,3000,CGY@LA,LA,CGY,,,,,,C/UTIL
85068-159627,W,Brennan,Brennan Othmann,Othmann,,,3000,NYI@NYR,NYR,NYI,,,,,,W/UTIL
85068-119693,W,Drew,Drew O'Connor,O'Connor,2.6666666666666665,3,3000,CAR@PIT,PIT,CAR,,,,,,W/UTIL
85068-119692,C,Patrick,Patrick Khodorenko,Khodorenko,,,3000,NYI@NYR,NYR,NYI,,,,,,C/UTIL
85068-101263,W,C.J.,C.J. Suess,Suess,0,1,3000,MIN@SJ,SJ,MIN,,,,,,W/UTIL
85068-159628,C,Samuel,Samuel Helenius,Helenius,,,3000,CGY@LA,LA,CGY,,,,,,C/UTIL
85068-157595,W,Danila,Danila Klimovich,Klimovich,,,3000,SEA@VAN,VAN,SEA,,,,,,W/UTIL
85068-82844,W,Austin,Austin Poganski,Poganski,1.399999976158142,16,3000,SEA@VAN,SEA,VAN,,,,,,W/UTIL
85068-15267,C,Joseph,Joseph Cramarossa,Cramarossa,3.799999952316284,4,3000,MIN@SJ,MIN,SJ,,,,,,C/UTIL
85068-42918,W,Scott,Scott Sabourin,Sabourin,4.114285605294364,7,3000,WSH@OTT,OTT,WSH,,,,,,W/UTIL
85068-15272,W,Micheal,Micheal Ferland,Ferland,,,3000,SEA@VAN,VAN,SEA,IR,Head,,,,W/UTIL
85068-54193,W,Phillip,Phillip Di Giuseppe,Di Giuseppe,,,3000,SEA@VAN,VAN,SEA,,,,,,W/UTIL
85068-148400,W,Nick,Nick Swaney,Swaney,,,3000,MIN@SJ,MIN,SJ,,,,,,W/UTIL
85068-148401,W,Walker,Walker Duehr,Duehr,0,1,3000,CGY@LA,CGY,LA,,,,,,W/UTIL
85068-169905,W,Alexander,Alexander Pashin,Pashin,,,3000,CAR@PIT,CAR,PIT,,,,,,W/UTIL
85068-97208,C,Kristian,Kristian Reichel,Reichel,4.984615619365986,13,3000,WPG@BOS,WPG,BOS,,,,,,C/UTIL
85068-119745,C,Alex,Alex Turcotte,Turcotte,3,8,3000,CGY@LA,LA,CGY,,,,,,C/UTIL
85068-149440,W,Will,Will Cuylle,Cuylle,,,3000,NYI@NYR,NYR,NYI,,,,,,W/UTIL
85068-79812,W,John,John Hayden,Hayden,3.2571427481515065,56,3000,SEA@VAN,SEA,VAN,,,,,,W/UTIL
85068-15329,W,Turner,Turner Elson,Elson,1.600000023841858,2,3000,NYI@NYR,NYR,NYI,,,,,,W/UTIL
85068-42977,C,Nic,Nic Petan,Petan,3.799999952316284,8,3000,MIN@SJ,MIN,SJ,,,,,,C/UTIL
85068-79861,C,John,John Stevens,Stevens,,,3000,SEA@VAN,VAN,SEA,,,,,,C/UTIL
85068-15357,W,Carl,Carl Hagelin,Hagelin,4.883018637603184,53,3000,WSH@OTT,WSH,OTT,IR,Hip,,,,W/UTIL
85068-68607,C,Andrew,Andrew Poturalski,Poturalski,12.5,2,3000,SEA@VAN,SEA,VAN,,,,,,C/UTIL